,Bold Indicator Name Text,Indicator Descriptor Text,Source Label,Source Link(s),,NC,Counties,,,,,,,,,,,,,,,,,,,,,,,,,,,,,,,,,,,,,,,,,,,,,,,,,,,,,,,,,,,,,,,,,,,,,,,,,,,,,,,,,,,,,,,,,,,,,,,,,,,,,
,,,,,,,Alamance,Alexander,Alleghany,Anson,Ashe,Avery,Beaufort,Bertie,Bladen,Brunswick,Buncombe,Burke,Cabarrus,Caldwell,Camden,Carteret,Caswell,Catawba,Chatham,Cherokee,Chowan,Clay,Cleveland,Columbus,Craven,Cumberland,Currituck,Dare,Davidson,Davie,Duplin,Durham,Edgecombe,Forsyth,Franklin,Gaston,Gates,Graham,Granville,Greene,Guilford,Halifax,Harnett,Haywood,Henderson,Hertford,Hoke,Hyde,Iredell,Jackson,Johnston,Jones,Lee,Lenoir,Lincoln,Macon,Madison,Martin,McDowell,Mecklenburg,Mitchell,Montgomery,Moore,Nash,New Hanover,Northampton,Onslow,Orange,Pamlico,Pasquotank,Pender,Perquimans,Person,Pitt,Polk,Randolph,Richmond,Robeson,Rockingham,Rowan,Rutherford,Sampson,Scotland,Stanly,Stokes,Surry,Swain,Transylvania,Tyrrell,Union,Vance,Wake,Warren,Washington,Watauga,Wayne,Wilkes,Wilson,Yadkin,Yancey,Data year,Data Notes
Classifications,Metropolitan or Nonmetropolitan,USDA Economic Research Service Metro/Nonmetro labels,USDA Economic Research Services,https://www.ers.usda.gov/topics/rural-economy-population/rural-classifications/,,,Metro ,Metro,Nonmetro,Nonmetro,Nonmetro,Nonmetro,Nonmetro,Nonmetro,Nonmetro,Metro,Metro,Metro,Metro,Metro,Nonmetro,Nonmetro,Nonmetro,Metro,Metro,Nonmetro,Nonmetro,Nonmetro,Nonmetro,Nonmetro,Metro,Metro,Metro,Nonmetro,Metro,Metro,Nometro,Metro,Metro,Metro,Metro,Metro,Metro,Nonmetro,Nonmetro,Nonmetro,Metro,Nonmetro,Nonmetro,Metro,Metro,Nonmetro,Metro,Nonmetro,Metro,Nonmetro,Metro,Metro,Nonmetro,Nonmetro,Metro,Nonmetro,Metro,Nonmetro,Nonmetro,Metro,Nonmetro,Nonmetro,Nonmetro,Metro,Metro,Nonmetro,Metro,Metro,Metro,Nonmetro,Metro,Nonmetro,Metro,Metro,Nonmetro,Metro,Nonmetro,Nonmetro,Metro,Metro,Nonmetro,Nonmetro,Nonmetro,Nonmetro,Metro,Nonmetro,Nonmetro,Nonmetro,Nonmetro,Metro,Nonmetro,Metro,Nonmetro,Nonmetro,Nonmetro,Metro,Nonmetro,Nonmetro,Metro,Nonmetro,2013,"Nonmetro counties include some combination of open countryside, rural towns (places with fewer than 2,500 people), and urban areas with populations rnaging from 2,500 to 49,999 that are not part of larger labor market areas (metropolitan areas)."
Classifications,Tier,NC Department of Commerce economic well-being designations,NC Department of Commerce,https://www.nccommerce.com/research-publications/incentive-reports/county-tier-designations,,,2,2,2,1,2,2,1,1,1,3,3,2,3,2,2,2,1,2,3,2,1,2,1,1,2,1,3,2,2,3,1,3,1,2,2,2,1,1,2,1,2,1,2,3,3,1,1,1,3,2,3,1,2,1,3,2,2,1,2,3,1,2,3,1,3,1,2,3,2,1,3,1,2,2,2,2,1,1,1,2,1,1,1,2,2,1,1,2,1,3,1,3,1,1,3,1,2,1,2,2,2019,"40 counties are ranked Tier One (most distressed), 40 counties ranked Tier Two, and 20 counties ranked as Tier Three (Least Distressed). Tier rankings use four factors: average unemployment rate for the most recent twelve months for which data are available, median household income for the most recent 12 months for which data are available, percentage growth in population for the most recent 36 months for which data are available, and adjusted property tax rate base per capita for the most recent taxable year."
Demographics,Population,,US Census - Population Estimates Program,https://www.census.gov/quickfacts/fact/table/NC/PST045219,,"10,488,084","169,509","37,497","11,137","24,446","27,203","17,557","46,994","18,947","32,722","142,820","261,191","90,485","216,453","82,178","10,867","69,473","22,604","159,551","74,470","28,612","13,943","11,231","97,947","55,508","102,139","335,509","27,763","37,009","167,609","42,846","58,741","321,488","51,472","382,295","69,685","224,529","11,562","8,441","60,443","21,069","537,174","50,010","135,976","62,317","117,417","23,677","55,234","4,937","181,806","43,938","209,339","9,419","61,779","55,949","86,111","35,858","21,755","22,440","45,756","1,110,356","14,964","27,173","100,880","94,298","234,473","19,483","197,938","148,476","12,726","39,824","63,060","13,463","39,490","180,742","20,724","143,667","44,829","130,625","91,010","142,088","67,029","63,531","34,823","62,806","45,591","71,783","14,271","34,385","4,016","239,859","44,535","1,111,761","19,731","11,580","56,177","123,131","68,412","81,801","37,667","18,069",2019,
Demographics,Child Population,% of population age < 18 years,US Census - Population Estimates Program,https://www.census.gov/quickfacts/fact/table/NC/PST045219,,21.9%,22.0%,19.9%,17.0%,19.8%,17.4%,14.7%,19.8%,17.4%,20.3%,14.7%,18.2%,18.4%,25.4%,19.9%,22.6%,17.2%,18.7%,21.9%,19.9%,16.5%,19.9%,16.7%,21.9%,20.7%,21.3%,24.7%,21.9%,18.7%,21.7%,20.9%,23.8%,20.4%,22.5%,22.7%,21.8%,22.4%,20.2%,19.8%,20.5%,19.9%,22.1%,21.2%,25.7%,18.2%,18.7%,18.5%,27.1%,17.0%,22.7%,16.4%,25.2%,18.2%,23.7%,22.4%,21.1%,18.4%,17.5%,20.2%,20.0%,23.3%,18.3%,21.7%,21.4%,21.8%,18.2%,17.2%,24.6%,19.2%,15.1%,22.0%,22.2%,18.6%,20.6%,21.2%,15.7%,22.2%,23.0%,24.7%,20.1%,22.1%,20.3%,24.3%,23.1%,21.5%,18.5%,20.9%,22.0%,15.4%,18.1%,26.4%,23.4%,23.6%,17.9%,19.9%,12.7%,23.6%,20.1%,22.7%,20.8%,18.2%,2019,
Demographics,Elderly Population,% of population age 65+ years,,https://www.census.gov/quickfacts/fact/table/NC/PST045219,,16.7%,17.1%,20.4%,28.0%,19.3%,26.6%,22.9%,28.0%,23.6%,22.8%,32.6%,20.5%,20.7%,13.4%,20.4%,16.9%,25.7%,22.1%,18.3%,25.0%,30.5%,25.3%,31.9%,19.0%,20.6%,19.7%,12.2%,16.4%,22.2%,18.5%,21.7%,19.4%,13.6%,20.4%,16.4%,17.1%,16.3%,20.9%,24.5%,17.7%,17.0%,15.5%,21.4%,12.8%,25.0%,26.4%,20.4%,10.6%,22.6%,16.2%,19.9%,13.6%,24.0%,16.8%,20.2%,17.9%,28.9%,23.1%,23.9%,20.8%,11.5%,25.5%,21.1%,24.0%,19.0%,18.4%,27.0%,9.6%,14.6%,30.4%,17.2%,18.6%,27.3%,20.1%,13.9%,32.1%,18.1%,18.3%,15.7%,20.9%,17.9%,22.2%,18.3%,18.8%,19.3%,21.8%,20.8%,19.6%,31.4%,20.2%,13.0%,19.1%,12.0%,26.2%,25.3%,16.4%,16.9%,22.2%,18.7%,20.5%,26.3%,2019,
Demographics,White,% of population non-Hispanic White,US Census - Population Estimates Program,https://www.census.gov/quickfacts/fact/table/NC/PST045219,,70.6%,62.9%,86.7%,86.7%,44.3%,92.3%,88.5%,65.9%,34.7%,54.9%,82.3%,83.4%,81.4%,63.7%,86.7%,80.5%,86.5%,61.0%,74.9%,72.1%,91.1%,59.8%,92.5%,72.8%,59.1%,65.6%,42.4%,86.9%,87.0%,79.4%,83.9%,51.0%,43.0%,36.0%,56.3%,63.0%,71.1%,63.6%,86.1%,557.8%,46.6%,49.4%,38.0%,60.7%,92.2%,83.1%,32.7%,38.7%,61.8%,75.4%,80.6%,66.8%,62.9%,57.8%,48.9%,84.6%,88.6%,93.9%,52.3%,87.2%,46.1%,91.1%,62.9%,77.0%,48.9%,77.4%,38.8%,65.7%,69.5%,74.2%,54.3%,75.4%,72.6%,66.3%,54.1%,87.7%,78.4%,56.5%,24.7%,72.1%,71.4%,82.8%,50.3%,42.5%,80.8%,90.9%,83.2%,60.7%,90.4%,49.1%,71.1%,39.0%,59.6%,38.2%,44.2%,91.4%,52.7%,86.7%,46.8%,83.8%,92.0%,2019,
Demographics,Hispanic/Latinx,% of population Hispanic/Latinx,US Census - Population Estimates Program,https://www.census.gov/quickfacts/fact/table/NC/PST045219,,9.8%,13.1%,4.8%,9.9%,4.1%,5.1%,5.1%,8.0%,2.4%,7.8%,4.9%,6.8%,6.5%,11.1%,5.9%,3.0%,4.4%,4.6%,10.1%,12.1%,3.3%,3.7%,3.9%,3.8%,5.6%,7.6%,12.1%,4.4%,7.7%,7.4%,7.3%,23.0%,13.7%,5.0%,13.3%,9.0%,7.6%,2.4%,3.7%,8.5%,15.7%,8.4%,3.1%,13.4%,4.3%,10.3%,4.1%,13.9%,9.8%,8.0%,6.2%,14.1%,5.1%,19.6%,7.9%,7.5%,7.4%,2.4%,4.1%,6.4%,13.8%,6.2%,15.6%,7.1%,7.4%,5.8%,2.6%,12.9%,8.6%,4.3%,5.8%,7.5%,2.7%,4.5%,6.5%,5.9%,12.0%,6.8%,9.2%,6.3%,9.4%,4.8%,20.6%,3.3%,4.4%,3.3%,11.1%,5.8%,3.4%,9.4%,11.5%,8.3%,10.4%,3.9%,5.6%,4.0%,12.4%,6.9%,10.8%,11.5%,5.5%,2019,
Demographics,African American,% of population non-Hispanic African American,US Census - Population Estimates Program,https://www.census.gov/quickfacts/fact/table/NC/PST045219,,22.2%,20.9%,5.9%,1.8%,48.5%,1.0%,4.7%,24.8%,61.1%,34.0%,10.0%,6.3%,6.9%,19.6%,5.2%,11.5%,5.6%,32.3%,8.9%,12.4%,1.6%,34.4%,1.3%,20.8%,30.6%,21.4%,39.1%,5.8%,2.8%,10.1%,6.5%,25.5%,36.9%,57.8%,27.5%,25.9%,17.9%,31.2%,0.5%,31.9%,36.8%,35.4%,53.8%,21.9%,1.4%,3.4%,61.0%,35.5%,26.7%,12.3%,2.4%,17.0%,29.3%,20.0%,41.4%,5.8%,1.7%,1.5%,42.1%,4.2%,33.0%,0.8%,19.0%,12.0%,41.3%,13.4%,57.2%,15.8%,11.8%,18.9%,36.6%,14.7%,22.7%,26.8%,35.9%,4.2%,6.6%,31.9%,23.6%,19.0%,16.9%,9.9%,26.6%,38.9%,11.4%,4.1%,4.2%,1.2%,3.5%,38.1%,12.5%,51.5%,21.0%,51.4%,48.9%,1.9%,32.4%,4.7%,40.5%,3.4%,1.1%,2019,
Demographics,Asian,% of population Asian,US Census - Population Estimates Program,https://www.census.gov/quickfacts/fact/table/NC/PST045219,,3.2%,1.7%,1.0%,0.8%,1.5%,0.5%,0.6%,0.5%,0.8%,0.3%,0.7%,1.4%,3.6%,4.7%,0.8%,2.1%,1.3%,0.6%,4.5%,2.2%,0.7%,0.8%,0.4%,1.1%,0.5%,2.9%,2.7%,0.8%,0.9%,1.6%,0.9%,0.7%,5.5%,0.3%,2.6%,0.7%,1.6%,0.3%,0.5%,0.7%,0.6%,5.3%,0.9%,1.3%,0.6%,1.3%,0.8%,1.5%,0.7%,2.8%,1.1%,0.9%,0.6%,1.4%,0.7%,0.8%,1.0%,0.5%,0.5%,1.1%,6.3%,0.7%,1.6%,1.6%,1.0%,1.6%,0.3%,2.2%,8.1%,0.6%,1.6%,0.7%,0.5%,0.4%,2.1%,0.8%,1.5%,1.0%,0.7%,0.7%,1.2%,0.6%,0.6%,0.9%,2.0%,0.4%,0.8%,0.7%,0.7%,1.9%,3.6%,0.8%,7.7%,0.4%,0.4%,1.2%,1.3%,0.6%,1.3%,0.5%,0.3%,2019,
Demographics,Native Hawaiian/Pacific Islander,% of population Native Hawaiian/Pacific Islander,US Census - Population Estimates Program,https://www.census.gov/quickfacts/fact/table/NC/PST045219,,0.1%,0.1%,0.10%,-,0.1%,0.10%,0.1%,0.1%,0.1%,-,0.1%,0.2%,0.7%,0.1%,0.1%,0.1%,0.2%,-,0.1%,0.1%,0.1%,0.2%,0.10%,-,0.1%,0.2%,0.4%,0.1%,0.1%,0.1%,-,0.4%,0.1%,0.1%,0.1%,0.1%,0.1%,0.1%,0.1%,0.1%,0.3%,0.1%,0.1%,0.2%,-,0.2%,0.1%,0.4%,-,0.1%,-,0.1%,-,0.2%,0.2%,0.1%,0.1%,-,0.2%,0.1%,0.1%,0.2%,0.1%,0.2%,0.1%,0.1%,-,0.3%,0.1%,0.2%,0.1%,0.1%,-,-,0.1%,-,0.1%,0.2%,0.2%,0.1%,0.1%,0.1%,0.3%,0.10%,0.3%,-,0.1%,-,0.1%,-,0.1%,0.1%,0.1%,-,-,-,0.2%,0.1%,0.1%,0.1%,0.3%,2019,Suppressed data have values greater than zero but less than half unit of measure shown
Demographics,American Indian,% of population American Indian/Alaskan Native,US Census - Population Estimates Program,https://www.census.gov/quickfacts/fact/table/NC/PST045219,,1.6%,1.5%,0.5%,0.5%,0.9%,0.4%,0.6%,1.0%,0.7%,3.1%,0.8%,0.5%,0.9%,0.7%,0.6%,0.6%,0.6%,0.8%,0.6%,1.2%,1.6%,0.5%,0.7%,0.4%,3.8%,0.7%,1.9%,0.7%,0.6%,0.8%,0.7%,1.4%,0.9%,0.8%,0.9%,0.9%,0.6%,0.6%,7.9%,0.9%,2.2%,0.8%,4.1%,1.7%,0.7%,0.7%,1.3%,9.1%,0.8%,0.5%,9.1%,0.9%,1.1%,1.3%,0.6%,0.5%,0.9%,0.5%,0.6%,0.8%,0.8%,0.9%,1.1%,1.0%,1.0%,0.6%,0.7%,0.9%,0.6%,0.8%,0.6%,0.9%,0.5%,0.9%,0.5%,0.6%,1.2%,3.3%,42.3%,0.6%,0.6%,0.4%,3.7%,12.8%,0.5%,0.5%,0.7%,30.1%,0.5%,0.9%,0.6%,1.0%,0.8%,5.7%,0.9%,0.4%,0.9%,0.4%,0.6%,0.7%,0.8%,2019,
Demographics,Two or More Races,% of population Two or More Races,US Census - Population Estimates Program,https://www.census.gov/quickfacts/fact/table/NC/PST045219,,2.3%,2.3%,1.7%,1.4%,1.7%,1.2%,1.1%,1.6%,1.2%,1.7%,1.8%,2.2%,1.8%,2.4%,1.8%,3.0%,2.1%,1.8%,2.0%,1.9%,2.5%,1.5%,1.6%,1.9%,1.9%,3.0%,4.8%,2.1%,1.9%,1.8%,2.0%,1.6%,2.6%,1.3%,2.3%,2.2%,2.2%,2.4%,2.2%,1.9%,1.4%,2.5%,1.3%,3.5%,1.4%,1.9%,1.4%,4.5%,1.7%,2.1%,2.2%,2.2%,1.9%,2.4%,1.6%,1.6%,1.2%,1.4%,1.3%,1.5%,2.5%,1.4%,1.8%,2.1%,1.9%,2.1%,1.4%,4.6%,2.6%,1.8%,2.6%,2.1%,1.7%,1.9%,2.2%,1.5%,1.8%,2.3%,2.7%,2.1%,1.8%,2.1%,2.3%,2.7%,1.5%,1.3%,1.3%,4.9%,1.9%,2.3%,2.0%,1.6%,2.6%,2.0%,2.0%,1.7%,2.5%,1.5%,1.6%,1.3%,1.1%,2019,
Education,High School Graduation,% of high school students who graduate on time,NC Department of Instruction,http://www.ncpublicschools.org/accountability/reporting/,,87.6%,84.5%,87.2%,94.2%,86.4%,84.9%,89.10%,88.5%,83.6%,91.9%,84.5%,90.6%,91.7%,91.4%,88.6%,85.7%,85.9%,85.4%,89.1%,87.3%,76.2%,91.5%,93.4%,88.0%,86.3%,86.6%,84.6%,94.6%,94.9%,88.3%,87.5%,84.2%,83.5%,82.7%,85.8%,85.2%,88.0%,94.1%,87.7%,83.1%,90.9%,89.1%,84.0%,87.1%,89.0%,91.5%,85.7%,87.6%,90.9%,89.1%,93.1%,91.7%,>95.0%,87.4%,85.4%,89.2%,>95.0%,90.7%,77.3%,86.9%,85.5%,89.9%,92.3%,93.5%,87.0%,88.1%,79.0%,91.2%,90.9%,>95.0%,77.6%,92.9%,92.9%,80.9%,86.2%,88.2%,90.6%,84.1%,87.0%,89.2%,89.1%,87.8%,79.7%,91.0%,89.4%,87.4%,93.8%,87.8%,83.2%,92.3%,93.0%,90.3%,90.8%,79.0%,81.6%,92.7%,81.3%,87.1%,78.8%,87.6%,92.2%,2019-2020,
Education,Reading Proficiency,% of third grade students reading at grade-level,NC Department of Instruction,http://www.ncpublicschools.org/accountability/reporting/,,56.8%,0.0%,52.8%,65.0%,55.8%,49.0%,62.0%,46.1%,69.9%,51.0%,56.5%,38.0%,42.6%,55.7%,59.4%,58.8%,81.7%,66.5%,56.70%,54.1%,60.5%,56.2%,59.8%,57.7%,50.5%,45.3%,54.1%,61.0%,69.5%,57.9%,57.1%,51.6%,39.2%,77.0%,51.7%,50.1%,51.8%,54.5%,49.4%,51.9%,39.9%,53.1%,39.9%,52.2%,54.0%,54.0%,51.5%,42.6%,58.3%,54.5%,51.1%,47.2%,54.8%,49.9%,40.5%,62.8%,60.6%,74.3%,52.1%,49.6%,58.3%,64.0%,69.2%,47.3%,39.4%,61.6%,49.0%,36.9%,56.5%,59.6%,49.9%,58.7%,54.7%,49.2%,52.8%,75.5%,55.2%,43.5%,43.5%,50.6%,46.2%,61.8%,56.4%,47.7%,51.6%,63.7%,63.2%,51.2%,67.5%,50.0%,66.0%,39.1%,37.0%,67.0%,50.9%,24.6%,56.8%,62.2%,53.2%,59.9%,54.7%,2018-2019,
Education,College Graduation,"% of population, age 25 years+, with a Bachelor's degree or  higher",U.S. Census - American Community Survey,https://factfinder.census.gov/faces/tableservices/jsf/pages/productview.xhtml?pid=ACS_17_5YR_S1501&prodType=table,,21.3%,22.9%,13.9%,18.7%,9.2%,19.5%,20.2%,19.6%,12.3%,14.5%,28.0%,38.5%,16.7%,30.0%,14.8%,18.1%,26.7%,13.7%,21.5%,40.1%,19.2%,19.0%,23.1%,16.5%,12.5%,24.3%,24.3%,22.9%,29.8%,18.1%,23.0%,10.8%,47.3%,11.6%,33.8%,21.0%,20.5%,15.7%,14.2%,21.0%,9.8%,34.9%,14.0%,20.3%,24.3%,31.2%,15.3%,18.3%,7.2%,26.9%,30.5%,21.7%,14.2%,21.2%,13.5%,20.2%,22.2%,25.9%,15.8%,15.9%,44.1%,18.1%,14.0%,36.0%,20.3%,38.9%,12.8%,20.2%,57.6%,19.4%,20.4%,25.6%,19.7%,15.3%,30.9%,31.9%,15.3%,14.3%,12.8%,14.7%,18.4%,17.3%,12.5%,15.9%,16.5%,13.9%,16.5%,15.0%,29.9%,7.6%,34.0%,12.1%,51.0%,15.8%,9.1%,41.7%,19.7%,15.4%,18.8%,12.0%,19.7%,2013-2017,
Access to Care,Uninsured Adults,% of adults age 18 to 64 years without health insurance,US Census - Small Area Health Insurance Estimates,http://www.census.gov/did/www/sahie/data/20082014/index.html,,15.5%,16.8%,15.2%,20.7%,16.6%,18.2%,21.1%,15.7%,15.2%,21.7%,15.7%,14.8%,16.3%,13.4%,17.8%,14.1%,15.6%,15.6%,16.1%,15.9%,17.9%,14.3%,19.2%,16.1%,19.4%,14.0%,13.8%,14.6%,17.4%,17.2%,15.5%,25.7%,15.1%,16.0%,16.1%,16.8%,15.2%,12.7%,22.2%,15.0%,23.8%,14.0%,16.4%,17.9%,14.6%,17.5%,15.1%,19.9%,20.4%,14.5%,20.7%,16.8%,18.6%,20.1%,17.7%,14.9%,21.4%,14.7%,14.3%,17.0%,15.8%,17.1%,18.9%,14.2%,14.7%,13.8%,14.8%,12.7%,12.2%,15.2%,14.2%,15.7%,15.8%,14.1%,14.4%,16.4%,19.7%,17.1%,23.8%,16.3%,16.8%,17.1%,24.0%,18.7%,15.8%,14.6%,18.4%,23.5%,19.8%,21.0%,15.3%,16.5%,11.8%,19.7%,15.5%,14.4%,18.9%,18.8%,18.3%,17.4%,17.9%,2018,
Access to Care,Uninsured Children,% of children age 18 and under without health insurance,US Census - Small Area Health Insurance Estimates,"https://www.census.gov/data/datasets/time-series/demo/sahie/estimates-acs.html
",,5.4%,6.0%,6.0%,8.6%,4.7%,6.5%,7.8%,5.8%,4.7%,6.9%,6.6%,5.2%,5.1%,4.3%,4.6%,6.1%,6.1%,6.3%,6.7%,6.8%,6.6%,5.8%,7.9%,5.2%,5.6%,5.8%,3.5%,7.2%,6.9%,6.2%,6.7%,8.5%,5.1%,4.2%,4.3%,5.7%,5.0%,5.3%,7.9%,5.6%,8.5%,4.7%,5.2%,5.1%,5.4%,6.3%,4.5%,5.0%,7.3%,6.0%,6.6%,6.1%,6.8%,6.6%,5.1%,5.3%,7.9%,5.7%,5.4%,4.9%,5.5%,6.4%,6.5%,6.0%,5.2%,5.2%,5.1%,3.5%,5.2%,6.8%,4.9%,5.4%,7.1%,5.2%,4.5%,6.4%,5.4%,4.6%,6.3%,4.8%,5.2%,5.4%,6.7%,4.7%,5.4%,5.3%,6.3%,8.2%,6.1%,7.1%,6.0%,4.8%,5.4%,7.1%,5.2%,5.3%,4.9%,5.6%,5.4%,6.5%,6.7%,2018,
Access to Care,Medicaid & CHIP Enrollees ,% of population enrolled in Medicaid or CHIP,NC Division of Medical Assistance,https://dma.ncdhhs.gov/medicaid-and-health-choice-enrollment-reports,,25.0%,26.1%,24.1%,27.8%,37.0%,26.0%,21.8%,29.9%,35.8%,35.0%,20.20%,21.7%,28.1%,22.0%,30.9%,14.3%,20.7%,29.9%,24.4%,16.3%,30.2%,30.7%,26.8%,35.5%,36.6%,24.0%,31.2%,14.3%,18.1%,25.4%,20.0%,31.6%,21.9%,44.9%,25.8%,24.0%,27.4%,22.7%,34.1%,22.8%,29.3%,26.5%,39.1%,24.5%,27.0%,19.2%,35.2%,30.8%,27.7%,20.1%,21.8%,25.0%,30.6%,30.3%,37.5%,22.0%,25.9%,26.8%,33.2%,29.1%,23.5%,27.7%,33.1%,19.1%,31.0%,18.6%,35.0%,22.3%,13.2%,22.2%,29.2%,25.1%,25.7%,27.4%,26.6%,20.2%,28.1%,42.8%,45.1%,29.4%,29.3%,29.4%,35.2%,42.4%,24.5%,22.7%,29.6%,39.5%,21.6%,27.7%,16.9%,46.5%,15.6%,30.8%,36.9%,10.5%,32.6%,27.9%,33.7%,24.7%,27.5%,SFY 2019,The number of Medicaid/Health Choice enrollees were obtained from the Division of Medical Assitance annual unduplicated enrollment count. Percentages were calculated using 2017 county population estimates from the U.S. Census Bureau Population Estimate Program.
Access to Care,Health Care Workforce - Primary Care Physicians,"Primary care physicians per 10,000 population",North Carolin Health Professions Data System - Cecil G. Sheps Center for Health Services Research ,https://nchealthworkforce.unc.edu/supply/,,8,6,2.3,4.4,1.2,4.7,5,3.8,3.6,3.5,4.2,13,8.1,7.9,4.9,0.9,5.1,3,6.8,3,2.4,7.8,3.4,6.2,4.4,6.8,5.8,2.2,6.7,3.6,3.5,2.2,12.6,5.1,11.4,0.7,5.8,0,4.6,6,4.8,7.8,4.5,4.3,7.1,7.5,9.6,2.9,1.9,6.9,6.3,3,4.9,6.2,5.5,5,7.1,4.9,5.6,5.1,9.5,8.5,2.5,7,5.9,8.1,1.5,3,22.1,3.8,7.6,2.7,3.7,3.2,11.1,3.7,3.5,3.8,4.4,4.9,4.4,4.2,4.7,6.2,4.1,3.7,5.5,10.5,7.6,0,4.5,5.9,8.5,0.5,2.5,5.9,5.6,5,6.1,2.9,4.3,2019,Data include active licensed pysicians in practice in North Carolina as of October 31 of each year who are not residents-in-training and are not employed by the Federal government. Physician data are derived from the North Carolina Board of Medicine. County estimates are based on primary practice location. Population census data and estimates are downloaded from the North Carolina Office of State Budget and Management via NC LINC and are based on US Census data.
Access to Care,Health Care Workforce - Dentists,"Dentists per 10,000 population",North Carolina Health Preofessions Data System - Cecil G. Sheps Center for Health Services Research,https://nchealthworkforce.unc.edu/supply/,,5,4.2,1.3,1.7,1.2,4,6.1,3.8,0.5,2,3.9,7,3.9,4.8,2,0.9,3.9,0.9,5.6,2.1,2.4,5,3.4,3.4,1.6,5.2,5.4,2.5,5.9,1.8,3.5,1.8,7,1.1,5.8,2,4,0,2.3,2.4,3.3,5.6,2.3,1.5,4.9,4.8,2.1,1.3,0,5.3,3.2,2.2,1,5.4,4.6,3.7,4.4,1.3,2.2,1.7,7.4,4.6,1.5,7.9,4.4,8.2,1,4.8,17.5,3,3,3.8,1.5,2,8.3,2.3,2.4,2,2.4,2.7,3.9,2.8,1.6,2.2,1.9,1.5,3.8,3.5,4,0,3.7,3.5,8.3,2,1.7,6.1,3.7,2.3,3.5,2.4,2.7,2019,"Data include active, licensed dentists in practice in North Carolina as of October 31 of each year. Dentist data are derived from the North Carolina State Board of Dental Examiners. Population census data and estimates are downloaded from the North Carolina Office of State Budget and Management via NC LINC and are based on US Census data."
Access to Care,Health Care Workforce - Psychiatrists & Psychologists,"Psychiatrists- all specialties & psychologists per 10,000 population",North Carolina Health Preofessions Data System - Cecil G. Sheps Center for Health Services Research,https://nchealthworkforce.sirs.unc.edu/,,3.6,1.6,0,0.9,2,1.1,2.2,0.4,0,0,0.8,9.7,5.6,2,0.1,0,1.6,0,1.5,1.4,2,0.7,0,0.4,0.4,2.1,3,0,2.1,0.7,0.5,0.5,16.8,0.4,4.4,0.1,1.2,0,0,15.6,1,2.5,0.8,0.7,2.4,1.7,2.5,0.4,0,1.3,4.5,0.5,0,0.8,1.4,0.1,1.1,1.8,0.4,0.2,4.4,0.7,0,4.1,0.8,5.5,0,2.6,27.9,0,1.5,1.1,0.7,0.5,4.8,5.1,0.5,0,0.2,0.7,3.8,0.9,0.2,0.6,0.9,0.4,0.4,1.4,2.3,0,0.5,0.2,5.3,0.5,0,6.7,3.9,0.4,1.2,0.8,0,2019,"Data include active licensed physicians, who are not residents-in training and are not employed by the Federal govermnet, and active licensed psychologists in practice in North Carolina as of October 31 of each year. Physician data are derived from the North Carolina Board of Medicine. Psychologist data are derived from the North Carolina Psychology Board. Population census data and estimates are downloaded from the North Carolina Office of State Budget and Management via NC LINC and are based on US Census data. "
Access to Care,Health Care Workforce - Birth Attendants,"OBGYNs/family medicine physicians/CNMs per 10,000 population",North Carolina Health Preofessions Data System - Cecil G. Sheps Center for Health Services Research,https://nchealthworkforce.sirs.unc.edu/,,4.2,3.2,3.8,1.7,4,3.9,2.5,3.6,3.2,3.2,7.7,7.7,4.1,4.2,0.5,1.7,2.7,3.4,4,1.1,4.5,6.3,2.7,2.7,3.4,3.2,3.5,4.1,2.7,2.9,1.1,3,5.4,4.6,3.5,2.4,2,3.4,3.8,2.4,3.5,3.5,2.1,3.6,5.1,4.5,2.5,2,2.9,4.5,2.8,0.7,4.6,2.7,3.7,5.6,4.8,2.6,2.8,4.7,7.6,2.2,2.2,3.3,3.7,3.7,1.6,9,9.2,2.5,3.9,1.8,1.3,4.5,5.8,1.6,2.1,2.5,3.7,2.6,3.1,3.6,3.7,3.9,4.1,2.5,8.7,4.3,0.3,4.7,3.4,3.2,3,0.8,1.9,3.7,2.4,2.8,3.9,4.4,3.8,2018,"Data include active, licensed physicians, who are not in residency training and are not employed by the Federal government, and certified nurse midwives in practice in North Carolina as of October 31, 2016. Data are derived from the license and reregistration files from the NC Medical Board and the NC Midwifery Joint Committee. County of practice is based on self-reported primary practice location. Physicians are included who answered ""yes"" to the question, ""Are you providing obstetric deliveries as a routine part of your practice?"" and who reported a primary practice area of family medicine, obstetrics & gynecology, obstetics, gynecology, or maternal fetal medicine. County population estimates are derived from the US Census 2016 Population Estimate Program."
"Healthy Eating, Active Living",Adult Obesity,% of adults who have obesity ,CDC,https://www.cdc.gov/diabetes/data/countydata/countydataindicators.html,,32.8%,33.3%,23.2%,20.6%,20.3%,19.0%,19.3%,31.2%,33.6%,27.9%,26.0%,24.0%,31.8%,30.1%,33.0%,20.4%,28.7%,17.1%,27.1%,24.0%,27.7%,27.0%,20.4%,26.0%,32.5%,27.4%,29.7%,25.5%,26.2%,33.1%,21.7%,24.9%,26.7%,20.6%,30.2%,30.9%,26.0%,22.5%,25.3%,21.6%,20.9%,34.0%,30.8%,29.7%,31.4%,26.5%,35.3%,22.9%,22.0%,33.0%,25.5%,29.9%,23.9%,26.8%,27.8%,22.8%,27.1%,23.2%,26.8%,25.0%,29.0%,22.1%,23.5%,24.2%,31.7%,27.4%,21.2%,27.8%,20.2%,20.8%,32.7%,22.0%,21.6%,21.2%,36.1%,22.0%,25.2%,27.4%,35.0%,26.2%,29.5%,29.2%,29.7%,30.7%,19.4%,28.4%,25.3%,20.1%,20.9%,18.8%,26.7%,23.2%,26.8%,18.7%,19.1%,20.2%,36.4%,28.5%,21.7%,25.8%,19.8%,2018,
"Healthy Eating, Active Living",Overweight and Obese Adolescents,% of 10-17 years olds who are overweight or obese,National Survey of Children's Health,http://www.childhealthdata.org/browse/survey/results?q=4568&r=35,,30.7%,N/A,N/A,N/A,N/A,N/A,N/A,N/A,N/A,N/A,N/A,N/A,N/A,N/A,N/A,N/A,N/A,N/A,N/A,N/A,N/A,N/A,N/A,N/A,N/A,N/A,N/A,N/A,N/A,N/A,N/A,N/A,N/A,N/A,N/A,N/A,N/A,N/A,N/A,N/A,N/A,N/A,N/A,N/A,N/A,N/A,N/A,N/A,N/A,N/A,N/A,N/A,N/A,N/A,N/A,N/A,N/A,N/A,N/A,N/A,N/A,N/A,N/A,N/A,N/A,N/A,N/A,N/A,N/A,N/A,N/A,N/A,N/A,N/A,N/A,N/A,N/A,N/A,N/A,N/A,N/A,N/A,N/A,N/A,N/A,N/A,N/A,N/A,N/A,N/A,N/A,N/A,N/A,N/A,N/A,N/A,N/A,N/A,N/A,N/A,N/A,2018-2019,County-level data not available
"Healthy Eating, Active Living",Physical Activity ,% of adults who participated in 150 minutes of physical activity per week ,CDC - Behavioral Risk Factors Survey ,https://schs.dph.ncdhhs.gov/data/brfss/2017/nc/nccr/_PA150R2.html,,45.2%,Region 5: 44.3%,Region 4: 47.7%,Region 3: 46.5%,Region 6: 42.3%,Region 3: 46.5%,Region 1 & 2: 48.9%,Region 9 & 10: 44.3%,Region 9 & 10: 44.3%,Region 8: 41.3%,Region 8: 41.3%,Region 1 & 2: 48.9%,Region 1 & 2: 48.9%,Region 4: 47.7%,Region 1 & 2: 48.9%,Region 9 & 10: 44.3%,Region 9 & 10: 44.3%,Region 5: 44.3%,Region 4: 47.7%,Region 5: 44.3%,Region 1 & 2: 48.9%,Region 9 & 10: 44.3%,Region 1 & 2: 48.9%,Region 4: 47.7%,Region 8: 41.3%,Region 9 & 10: 44.3%,Region 6: 42.3%,Region 9 & 10: 44.3%,Region 9 & 10: 44.3%,Region 3: 46.5%,Region 3: 46.5%,Region 8: 41.3%,Region 5: 44.3%,Region 7: 44.3%,Region 3: 46.5%,Region 7: 44.3%,Region 4: 47.7%,Region 9 & 10: 44.3%,Region 1 & 2: 48.9%,Region 7: 44.3%,Region 9 & 10: 44.3%,Region 5: 44.3%,Region 7: 44.3%,Region 6: 42.3%,Region 1 & 2: 48.9%,Region 1 & 2: 48.9%,Region 9 & 10: 44.3%,Region 6: 42.3%,Region 9 & 10: 44.3%,Region 4: 47.7%,Region 1 & 2: 48.9%,Region 7: 44.3%,Region 9 & 10: 44.3%,Region 6: 42.3%,Region 9 & 10: 44.3%,Region 4: 47.7%,Region 1 & 2: 48.9%,Region 1 & 2: 48.9%,Region 9 & 10: 44.3%,Region 1 & 2: 48.9%,Region 4: 47.7%,Region 1 & 2: 48.9%,Region 6: 42.3%,Region 6: 42.3%,Region 7: 44.3%,Region 8: 41.3%,Region 9 & 10: 44.3%,Region 8: 41.3%,Region 5: 44.3%,Region 9 & 10: 44.3%,Region 9 & 10: 44.3%,Region 8: 41.3%,Region 9 & 10: 44.3%,Region 5: 44.3%,Region 9 & 10: 44.3%,Region 1 & 2: 48.9%,Region 5: 44.3%,Region 6: 42.3%,Region 8: 41.3%,Region 5: 44.3%,Region 4: 47.7%,Region 1 & 2: 48.9%,Region 8: 41.3%,Region 6: 42.3%,Region 4: 47.7%,Region 3: 46.5%,Region 3: 46.5%,Region 1 & 2: 48.9%,Region 1 & 2: 48.9%,Region 9 & 10: 44.3%,Region 4: 47.7%,Region 7: 44.3%,Region 7: 44.3%,Region 7: 44.3%,Region 9 & 10: 44.3%,Region 3: 46.5%,Region 9 & 10: 44.3%,Region 3: 46.5%,Region 7: 44.3%,Region 3: 46.5%,Region 1 & 2: 48.9%,2019,Data are reported for NC Association of Local Health Director Regions
"Healthy Eating, Active Living",Fruit and Vegetable Consumption,"% of adults consuming fruits, vegetables, or beans five or more times per day",CDC - Behavioral Risk Factors Survey ,https://schs.dph.ncdhhs.gov/data/brfss/2017/nc/nccr/DAILY_5.html,,14.8%,Region 5: 15.4%,Region 4: 14.8%,Region 3: 17.8%,Region 6: 19.0%,Region 3: 17.8%,Region 1 & 2: 20.0%,Region 9 & 10: 7.9%,Region 9 & 10: 7.9%,Region 8: 10.1%,Region 8: 10.1%,Region 1 & 2: 20.0%,Region 1 & 2: 20.0%,Region 4: 14.8%,Region 1 & 2: 20.0%,Region 9 & 10: 7.9%,Region 9 & 10: 7.9%,Region 5: 15.4%,Region 4: 14.8%,Region 5: 15.4%,Region 1 & 2: 20.0%,Region 9 & 10: 7.9%,Region 1 & 2: 20.0%,Region 4: 14.8%,Region 8: 10.1%,Region 9 & 10: 7.9%,Region 6: 19.0%,Region 9 & 10: 7.9%,Region 9 & 10: 7.9%,Region 3: 17.8%,Region 3: 17.8%,Region 8: 10.1%,Region 5: 15.4%,Region 7: 14.7%,Region 3: 17.8%,Region 7: 14.7%,Region 4: 14.8%,Region 9 & 10: 7.9%,Region 1 & 2: 20.0%,Region 7: 14.7%,Region 9 & 10: 7.9%,Region 5: 15.4%,Region 7: 14.7%,Region 6: 19.0%,Region 1 & 2: 20.0%,Region 1 & 2: 20.0%,Region 9 & 10: 7.9%,Region 6: 19.0%,Region 9 & 10: 7.9%,Region 4: 14.8%,Region 1 & 2: 20.0%,Region 7: 14.7%,Region 9 & 10: 7.9%,Region 6: 19.0%,Region 9 & 10: 7.9%,Region 4: 14.8%,Region 1 & 2: 20.0%,Region 1 & 2: 20.0%,Region 9 & 10: 7.9%,Region 1 & 2: 20.0%,Region 4: 14.8%,Region 1 & 2: 20.0%,Region 6: 19.0%,Region 6: 19.0%,Region 7: 14.7%,Region 8: 10.1%,Region 9 & 10: 7.9%,Region 8: 10.1%,Region 5: 15.4%,Region 9 & 10: 7.9%,Region 9 & 10: 7.9%,Region 8: 10.1%,Region 9 & 10: 7.9%,Region 5: 15.4%,Region 9 & 10: 7.9%,Region 1 & 2: 20.0%,Region 5: 15.4%,Region 6: 19.0%,Region 8: 10.1%,Region 5: 15.4%,Region 4: 14.8%,Region 1 & 2: 20.0%,Region 8: 10.1%,Region 6: 19.0%,Region 4: 14.8%,Region 3: 17.8%,Region 3: 17.8%,Region 1 & 2: 20.0%,Region 1 & 2: 20.0%,Region 9 & 10: 7.9%,Region 4: 14.8%,Region 7: 14.7%,Region 7: 14.7%,Region 7: 14.7%,Region 9 & 10: 7.9%,Region 3: 17.8%,Region 9 & 10: 7.9%,Region 3: 17.8%,Region 7: 14.7%,Region 3: 17.8%,Region 1 & 2: 20.0%,2019,Data are reported for NC Association of Local Health Director Regions
Tobacco & Substance Use,Adult Smoking ,% of adults who are current smokers,County Health Rankings,http://www.countyhealthrankings.org/app/north-carolina/2017/measure/factors/9/data,,17.0%,17.0%,17.0%,17.0%,20.0%,17.0%,17.0%,18.0%,20.0%,19.0%,15.0%,17.0%,17.0%,16.0%,17.0%,16.0%,16.0%,18.0%,16.0%,14.0%,17.0%,18.0%,16.0%,18.0%,19.0%,16.0%,18.0%,15.0%,16.0%,18.0%,15.0%,21.0%,15.0%,21.0%,18.0%,18.0%,17.0%,16.0%,18.0%,17.0%,20.0%,16.0%,20.0%,19.0%,18.0%,14.0%,19.0%,20.0%,17.0%,15.0%,18.0%,18.0%,19.0%,17.0%,19.0%,16.0%,16.0%,17.0%,19.0%,19.0%,14.0%,16.0%,18.0%,14.0%,18.0%,16.0%,19.0%,18.0%,14.0%,16.0%,18.0%,16.0%,17.0%,18.0%,17.0%,14.0%,18.0%,21.0%,24.0%,18.0%,17.0%,19.0%,19.0%,23.0%,17.0%,16.0%,17.0%,22.0%,16.0%,21.0%,15.0%,20.0%,12.0%,19.0%,19.0%,18.0%,18.0%,18.0%,18.0%,18.0%,17.0%,2017,"Adult Smoking is based on CDC BRFSS data; the CDC produces single-year estimates at the county level using a combination of BRFSS data and a multilevel modeling approach based on respondent answers and individual characteristics such as age and sex and race/ethnicity, along with county-level poverty and county and state-level contextual effects."
Tobacco & Substance Use,Youth Tobacco Use,% of high school students reporting current use of any tobacco product,NC Youth Tobacco Survey,"Special data request from NC Division of Public Health, Tobacco Prevention and Control Branch",,28.8%,*Central: 25.2%,West: 31.7%,West: 31.7%,*Central: 25.2%,West: 31.7%,West: 31.7%,East: 30.3%,East: 30.3%,East: 30.3%,East: 30.3%,West: 31.7%,West: 31.7%,West: 31.7%,West: 31.7%,East: 30.3%,East: 30.3%,*Central: 25.2%,West: 31.7%,*Central: 25.2%,West: 31.7%,East: 30.3%,West: 31.7%,West: 31.7%,East: 30.3%,East: 30.3%,*Central: 25.2%,East: 30.3%,East: 30.3%,West: 31.7%,West: 31.7%,East: 30.3%,*Central: 25.2%,East: 30.3%,West: 31.7%,*Central: 25.2%,West: 31.7%,East: 30.3%,West: 31.7%,Central 26.7%,East: 30.3%,*Central: 25.2%,*Central: 25.2%,*Central: 25.2%,West: 31.7%,West: 31.7%,East: 30.3%,*Central: 25.2%,East: 30.3%,West: 31.7%,West: 31.7%,Central 26.7%,East: 30.3%,*Central: 25.2%,East: 30.3%,West: 31.7%,West: 31.7%,West: 31.7%,East: 30.3%,West: 31.7%,West: 31.7%,West: 31.7%,*Central: 25.2%,*Central: 25.2%,*Central: 25.2%,East: 30.3%,East: 30.3%,East: 30.3%,*Central: 25.2%,East: 30.3%,East: 30.3%,East: 30.3%,East: 30.3%,*Central: 25.2%,East: 26.7%,West: 31.7%,*Central: 25.2%,*Central: 25.2%,East: 30.3%,*Central: 25.2%,West: 31.7%,West: 31.7%,East: 30.3%,*Central: 25.2%,West: 31.7%,West: 31.7%,West: 31.7%,West: 31.7%,West: 31.7%,East: 30.3%,West: 31.7%,*Central: 25.2%,*Central: 25.2%,*Central: 25.2%,East: 30.3%,West: 31.7%,East: 30.3%,West: 31.7%,*Central: 25.2%,West: 31.7%,West: 27.05,2017,"Data are reported aggregated in three regions (East, West, Central); *estimates for the Central Region are not representative of the total population due to low response rate; Current use refers to any use in the past 30 days."
Tobacco & Substance Use,Unintentional Poisoning Deaths / Overdose Deaths,"Unintentional poisoning mortality rate per 100,000 population ",NC Division of Public Health, https://injuryfreenc.ncdhhs.gov/DataSurveillance/poisoning/DEATH-1-UnintentionalPoisoningsbyCounty-2008-2017.pdf,,18.5,16.6,21.6,**,**,**,**,25.9,**,18.8,34.3,26.9,29.9,21.8,28.9,**,32.0,**,21.7,8.2,24.7,**,**,19.8,22.6,34.1,21.1,28.3,26.3,24.4,21.2,8.3,11.7,17.7,20.6,19.5,23.1,**,**,15.6,**,17.1,22.4,16.1,27.9,19.7,**,8.0,**,17.0,28.4,14.6,**,23.9,17.0,18.8,22.7,24.3,**,28.1,13.8,37.0,**,13.4,18.3,30.6,**,18.3,10.1,41.7,15.0,29.2,**,17.8,16.4,29.2,30.2,22.4,17.4,25.7,32.2,28.8,19.5,19.1,26.9,36.9,25.6,**,15.7,**,13.9,20.2,10.2,**,**,9.4,17.1,33.3,14.8,20.8,**,2014-2018,Deaths included are those with unintentional poisoning as first listed cause of death.
Tobacco & Substance Use,Opiate Poisoning Deaths,"Rate of opiate poisoning deaths per 100,000 population ",NC Division of Public Health,https://injuryfreenc.ncdhhs.gov/DataSurveillance/poisoning/DEATH-3-UnintentionalOpioidPoisoningsbyCounty-2008-2017.pdf,,11.8,9.6,14.5,16.5,5.5,12.7,11.4,14.8,9.0,11.7,23.2,15.1,23.8,16.0,15.9,7.7,19.5,10.5,14.9,3.8,10.2,18.1,15.3,9.7,15.2,19.0,12.7,15.1,15.8,18.5,14.4,2.7,7.0,11.8,12.7,10.0,18.3,15.5,11.6,12.3,4.7,10.0,9.9,11.0,13.4,13.4,4.1,6.5,7.3,11.8,12.0,9.0,7.2,14.0,8.3,12.4,11.1,10.3,6.0,15.5,8.9,14.5,5.8,9.1,10.6,20.2,6.9,10.3,4.7,23.4,10.1,17.4,8.9,7.1,11.1,10.8,18.6,58.5,9.7,14.0,21.9,15.6,11.0,10.2,10.5,23.0,13.3,11.3,11.4,9.8,8.6,14.9,6.9,3.0,1.6,8.2,8.5,30.6,8.4,19.0,15.9,2013-2017,"Reflects opiate deaths by all intents. Deaths included are those with any mention of opium, heroin, other opioids, methadone, and/or other synthetic opioid. Counts by any mention of drug type are not mutally exclusive; if a death involved multiple drugs it could be listed in additional tables"
Tobacco & Substance Use,Opioid Prescribing Rate,Rate of retail opioid prescriptions dispensed per 100 persons ,CDC,https://www.cdc.gov/drugoverdose/maps/rxcounty2017.html,,72,63.6,17.0,69.3,65.2,77.8,65.8,110.9,0.0,96.9,81.2,58.7,101.2,69.4,106.5,6.4,75.4,0.0,98.2,32.2,107.5,98.6,109.1,104.0,118.7,84.6,67.9,12.6,87.4,60.0,75.4,54.4,34.4,61.2,55.9,41.4,88.3,N/A,80.6,52.9,23.8,56.1,92.1,59.1,80.1,61.1,104.2,35.8,49.9,77.8,68.1,49.0,41.7,96.7,67.1,84.0,73.2,42.8,84.9,60.3,39.9,109.2,45.4,82.3,72.4,69.1,15.0,56.5,32.2,76.5,95.4,40.1,25.2,77.6,62.1,47.3,53.7,115.3,103.1,107.8,63.4,77.9,65.4,142.7,86.9,70.5,122.2,69.5,74.6,70.6,51.7,86.8,41.1,24.8,84.8,63.5,59.0,67.8,72.1,46.9,74.0,2018,"Source for prescribing data: IQVIA Xponent 2006–2019. IQVIA Xponent is based on a sample of approximately 49,900 retail (non-hospital) pharmacies, which dispense nearly 92% of all retail prescriptions in the United States. For this database, a prescription is a new or refill prescription dispensed at a retail pharmacy in the sample and paid for by commercial insurance, Medicaid, Medicare, cash or its equivalent, and other third-party coverage. This database does not include mail order prescriptions. For the calculation of dispensing rates, numerators are the projected total number of opioid prescriptions dispensed annually at the state, county, or national level. Annual resident population denominators were obtained from the U.S. Census Bureau. Opioid prescriptions were identified using the National Drug Code."
Mental Health,Mental Health Emergency Visits,"Rate of substance abuse and mental health-related visits to emergency departments per 100,000 population",NC Hospital Association,Special data request from NC Hospital Association,,1902.3,1848.8,2113.8,2113.8,1762.5,2113.8,2113.8,1880.3,1880.9,1841.7,1880.9,2113.8,2102.4,1848,2113.8,1880.9,1880.9,1848,2102.4,1848,2113.8,1880.9,2113.8,2102.4,1841.7,1880.9,1173.1,1880.9,1880.9,1848,1848,1841.7,1173.1,1841.7,1848,1848,2102.4,1880.9,2113.8,1848,1841.7,1762.5,2113.8,2113.8,1880.9,1762.5,1880.9,1762.5,1880.9,2102.4,2113.8,1173.1,1880.9,1762.5,1841.7,2102.4,2113.8,2113.8,1880.9,2113.8,1848,2113.8,1762.5,1762.5,1880.9,1880.9,1880.9,1880.9,1848,1880.9,1880.9,1880.9,1880.9,1848,1880.9,2113.8,1762.5,1762.5,1841.7,1848,1848,2113.8,1841.7,1841.7,1848,1848,2102.4,2113.8,2113.8,1880.9,1848,1848,1173.1,1848,1880.9,2113.8,1841.7,2113.8,1841.7,2102.4,2113.8,2017,"Rates are calculated using the number of emergency department discharges with a diagnosis of mental health or substance abuse disorder and 2016 population estimates from the US Census Population Estimates Program. To avoid hospital identification through county-level reporting, rates are aggregated into LME/MCO region based on the ZIP code of the patient."
Maternal & Child Health,Teen Birth Rate,"Rate of births to females age 15-19 per 1,000",NC State Center for Health Statistics,http://www.schs.state.nc.us/data/databook/,,22,19.8,25.3,44,33.2,25.2,21.5,26.1,29.0,33.5,27.2,18.4,30.6,18.6,32.5,-,16.7,26,23.4,15.3,31.5,28,28,32.5,38.3,32,29.8,12.4,14.9,25.9,20.5,37.7,19.2,39.9,20.2,20.5,25.6,23.8,38.6,21.4,35.1,16.0,39.8,22.9,24.4,22.7,21.3,29.7,-,19.3,15.8,21.6,24.6,32.1,35.8,22,31.0,19.2,30.6,29.4,19.5,27.4,38.1,19.8,27.3,13.0,36.7,47.4,4,24.9,22.5,22.4,27.1,32.9,16.4,20.6,28.5,40.7,41.2,25.5,29.4,30.8,43.4,45.1,27.3,19.7,27.4,53.5,21.5,-,12.1,43.5,11.5,29.9,42.6,4.5,32.8,38.7,32.2,29.4,30.7,2014-2018,Rates based on fewer than 20 cases are unstable and are not reported
Maternal & Child Health,Low Birthweight,"% of babies born with birthweight <2,500 grams",NC State Center for Health Statistics,https://schs.dph.ncdhhs.gov/data/databook/,,9.1%,9.5%,8.4%,7.7%,12.7%,8.6%,11.3%,10.7%,13.3%,10.9%,9.4%,8.5%,9.0%,8.8%,10.3%,5.8%,7.0%,11.2%,8.5%,9.3%,9.5%,9.7%,8.5%,10.8%,11.8%,8.3%,10.1%,8.5%,6.3%,9.6%,8.6%,8.7%,8.8%,12.8%,10.5%,9.1%,9.6%,11.6%,8.6%,9.7%,10.8%,9.8%,12.0%,8.7%,9.4%,7.9%,10.7%,9.4%,5.2%,8.7%,9.5%,8.4%,7.6%,10.0%,10.7%,8.6%,10.6%,8.6%,9.2%,12.3%,9.5%,8.4%,11.0%,8.9%,9.6%,8.2%,11.8%,6.8%,7.5%,10.1%,9.4%,8.6%,7.0%,10.0%,10.3%,7.0%,8.6%,12.0%,12.2%,9.4%,10.0%,8.9%,9.0%,14.0%,10.2%,8.3%,8.7%,8.3%,9.1%,5.9%,7.7%,12.3%,7.9%,11.4%,11.9%,8.4%,8.8%,9.7%,11.3%,9.3%,9.3%,2014-2018,"Low birthweight classification includes liveborn infants weighing less than 2,500 grams (5 pounds, 8 ounces or less) at birth, regardless of the period of gestation. "
Maternal & Child Health,Infant Mortality Rate,"Resident infant death rates (per 1,000 live births)",NC State Center for Health Statistics,https://schs.dph.ncdhhs.gov/data/vital/ims/2017/2017rpt.html,,7,6.1,8.5,6.4,9.5,3.8,5.7,10.3,12.6,8.7,6.3,4.8,7.8,5.9,7.6,0,5.8,9.8,6.5,9,11.6,5.9,11.3,8.9,9.3,7.2,8.4,3.1,1.2,7.6,5.6,9.1,6.1,11,8.9,7.2,6.4,9.8,2.4,6.5,9.6,8.7,10.7,7.3,7.6,5.8,11.6,8.7,5.2,8.4,7.9,6.6,2.2,7.5,7.3,6.5,7.2,4.0,10.7,7.1,5.9,2.8,8.3,5.9,8.1,5.5,6.6,5.5,5.6,14.4,6.7,7.6,3.4,10.1,9.9,4,9.7,10.1,10.3,9.1,7.9,6.5,6.2,8,9.6,4.1,5.9,11.6,6,0,4.4,7.9,5.6,5.9,21.9,9.5,8,7.9,11,6.8,2.3,2015-2019,*Technical Note: Rates based on small numbers (fewer than 10 deaths) are unstable & should be interpreted with caution
Maternal & Child Health,Racial Disparity in Infant Mortality Rate,"Rate of White, non-Hipanic infant deaths",NC State Center for Health Statistics,https://schs.dph.ncdhhs.gov/data/vital/ims/2019/table3b.html,,5.3,6.4,6.5,-,-,-,-,9.8,-,-,5.4,5.1,7.2,5.1,7.9,-,5.6,-,6.1,8.2,11.1,-,-,6.6,7.3,5.1,6.8,-,-,4.9,-,9.2,3.8,-,5.6,4.9,5.4,-,-,6.5,-,5.1,-,7.3,7.1,5,13.5,-,-,7.3,-,5.7,-,5.4,-,3,9.5,-,3.5,7.1,3.9,-,-,5.3,5.5,3.2,-,5.4,3.1,-,-,5.5,-,-,6.9,-,8.6,-,11.8,6.3,8,5.2,-,-,5.4,5.5,5.7,-,-,-,3.6,3.5,3.1,-,-,8,3.6,7.5,5.6,-,-,2017,Rates based on fewer than 10 cases are suppressed
Maternal & Child Health,Racial Disparity in Infant Mortality Rate,"Rate of African American, non-Hispanic infant deaths",NC State Center for Health Statistics,https://schs.dph.ncdhhs.gov/data/vital/ims/2019/table3b.html,,12.7,14.4,-,-,-,-,-,18.6,19.5,17.3,-,19.6,-,9.2,-,-,5.6,-,17.2,-,-,-,-,18.1,15.6,12.3,14.6,-,-,15.2,-,-,11.9,12.9,12.4,14.6,14.5,-,-,11.2,-,12.8,12.4,14.6,-,-,20.4,10.5,-,18.4,-,10.7,-,15.6,9.2,-,-,-,-,-,10.3,-,-,-,12.7,11.6,-,14.8,-,-,-,29.6,-,23.1,15.8,-,-,14.8,14.2,16.9,13.2,-,11.3,9.5,21.9,-,-,-,-,-,13.1,12.4,11.1,-,-,-,8.3,-,13.9,-,-,2017,Rates based on fewer than 10 cases are suppressed
Maternal & Child Health,Vaccines,% of children aged 19-35 months who receive combined 6-vaccine series vaccinations,CDC,https://www.cdc.gov/vaccines/imz-managers/coverage/childvaxview/data-reports/6-series/dashboard/2016.html,,73.60%,N/A,N/A,N/A,N/A,N/A,N/A,N/A,N/A,N/A,N/A,N/A,N/A,N/A,N/A,N/A,N/A,N/A,N/A,N/A,N/A,N/A,N/A,N/A,N/A,N/A,N/A,N/A,N/A,N/A,N/A,N/A,N/A,N/A,N/A,N/A,N/A,N/A,N/A,N/A,N/A,N/A,N/A,N/A,N/A,N/A,N/A,N/A,N/A,N/A,N/A,N/A,N/A,N/A,N/A,N/A,N/A,N/A,N/A,N/A,N/A,N/A,N/A,N/A,N/A,N/A,N/A,N/A,N/A,N/A,N/A,N/A,N/A,N/A,N/A,N/A,N/A,N/A,N/A,N/A,N/A,N/A,N/A,N/A,N/A,N/A,N/A,N/A,N/A,N/A,N/A,N/A,N/A,N/A,N/A,N/A,N/A,N/A,N/A,N/A,N/A,2017,County-level data not available
Oral Health,Tooth Decay,% of adults who have had permanent teeth removed due to tooth decay or gum disease,CDC - Behavioral Risk Factors Survey ,http://www.schs.state.nc.us/data/brfss/2016/nc/nccr/RMVTETH3.html,,45.50%,Region 5: 43.0%,Region 4: 46.1%,Region 3: 43.8%,Region 6: 49.5%,Region 3: 43.8%,Region 1 & 2: 52.1%,Region 9 & 10: 50.8%,Region 9 & 10: 50.8%,Region 8: 45.6%,Region 8: 45.6%,Region 1 & 2: 52.1%,Region 1 & 2: 52.1%,Region 4: 46.1%,Region 1 & 2: 52.1%,Region 9 & 10: 50.8%,Region 9 & 10: 50.8%,Region 5: 43.0%,Region 4: 46.1%,Region 5: 43.0%,Region 1 & 2: 52.1%,Region 9 & 10: 50.8%,Region 1 & 2: 52.1%,Region 4: 46.1%,Region 8: 45.6%,Region 9 & 10: 50.8%,Region 6: 49.5%,Region 9 & 10: 50.8%,Region 9 & 10: 50.8%,Region 3: 43.8%,Region 3: 43.8%,Region 8: 45.6%,Region 5: 43.0%,Region 7: 37.6%,Region 3: 43.8%,Region 7: 37.6%,Region 4: 46.1%,Region 9 & 10: 50.8%,Region 1 & 2: 52.1%,Region 7: 37.6%,Region 9 & 10: 50.8%,Region 5: 43.0%,Region 7: 37.6%,Region 6: 49.5%,Region 1 & 2: 52.1%,Region 1 & 2: 52.1%,Region 9 & 10: 50.8%,Region 6: 49.5%,Region 9 & 10: 50.8%,Region 4: 46.1%,Region 1 & 2: 52.1%,Region 7: 37.6%,Region 9 & 10: 50.8%,Region 6: 49.5%,Region 9 & 10: 50.8%,Region 4: 46.1%,Region 1 & 2: 52.1%,Region 1 & 2: 52.1%,Region 9 & 10: 50.8%,Region 1 & 2: 52.1%,Region 4: 46.1%,Region 1 & 2: 52.1%,Region 6: 49.5%,Region 6: 49.5%,Region 7: 37.6%,Region 8: 45.6%,Region 9 & 10: 50.8%,Region 8: 45.6%,Region 5: 43.0%,Region 9 & 10: 50.8%,Region 9 & 10: 50.8%,Region 8: 45.6%,Region 9 & 10: 50.8%,Region 5: 43.0%,Region 9 & 10: 50.8%,Region 1 & 2: 52.1%,Region 5: 43.0%,Region 6: 49.5%,Region 8: 45.6%,Region 5: 43.0%,Region 4: 46.1%,Region 1 & 2: 52.1%,Region 8: 45.6%,Region 6: 49.5%,Region 4: 46.1%,Region 3: 43.8%,Region 3: 43.8%,Region 1 & 2: 52.1%,Region 1 & 2: 52.1%,Region 9 & 10: 50.8%,Region 4: 46.1%,Region 7: 37.6%,Region 7: 37.6%,Region 7: 37.6%,Region 9 & 10: 50.8%,Region 3: 43.8%,Region 9 & 10: 50.8%,Region 3: 43.8%,Region 7: 37.6%,Region 3: 43.8%,Region 1 & 2: 52.1%,2018,Data are reported for NC Association of Local Health Director Regions
Chronic Disease,Diabetes Prevalence,% of adults with diagnosed diabetes,CDC,https://www.cdc.gov/diabetes/data/countydata/countydataindicators.html,,10.1%,9.2%,15.1%,9.7%,11.6%,10.6%,10.1%,7.3%,19.0%,19.6%,10.2%,7.0%,6.6%,11.2%,13.8%,8.7%,11.1%,12.4%,10.8%,8.7%,8.8%,13.5%,3.5%,12.3%,16.9%,11.7%,12.3%,8.8%,9.1%,13.6%,9.4%,13.7%,7.2%,16.7%,10.1%,10.0%,9.5%,12.7%,4.8%,10.2%,13.5%,10.1%,20.2%,14.6%,8.7%,8.4%,22.4%,12.9%,16.6%,10.2%,9.0%,11.4%,24.7%,9.4%,12.8%,7.8%,11.4%,5.4%,18.4%,9.8%,8.3%,9.3%,19.6%,6.1%,13.6%,6.4%,18.6%,10.8%,6.9%,16.6%,11.0%,13.4%,9.1%,9.5%,10.5%,11.1%,10.1%,21.2%,14.2%,13.1%,9.7%,11.9%,15.8%,17.4%,8.6%,13.5%,9.1%,10.9%,9.6%,17.0%,8.6%,16.0%,8.5%,9.5%,14.9%,7.4%,15.5%,13.9%,9.3%,9.6%,12.3%,2017,Rates are age-adjusted
Chronic Disease,Cancer Incidence,"Cancer incidence rates per 100,000 population",NC State Center for Health Statistics,https://schs.dph.ncdhhs.gov/data/cancer/incidence_rates.htm,,469.2,507.1,472.3,379.7,476.7,429.6,440.2,413.8,449.4,424.8,472.3,477.9,448.2,493.9,484.2,347.9,487.9,510.5,465,477.5,436.9,420.3,445.4,512.2,428.6,499.1,449.9,316.5,423.5,494.6,486.3,407.9,460.3,436.5,472.7,474.2,510.1,293.1,389.8,529.6,430.5,488.9,471.6,478,530.2,467.2,371,448.1,386,461,404.5,479.1,470.7,478.8,509,498,459,458.5,478.5,492.1,460.9,430.8,424.2,472.2,412.8,472.7,426.8,550.7,462.4,495.5,438,465.2,388.9,481.8,424.3,415.7,508.9,450.3,421.4,507.4,506.5,463.3,472.5,438.9,510.8,485.9,502.8,544.2,418.2,456.2,485.1,482.8,462,468.1,437.1,414.4,493.3,412.5,418.6,448.7,483.5,2015-2019,"Rates are calculated using the bridged-race population estimates obtained from the National Center for Health Statistics. Age-adjusted to the 2000 U.S. Census; Age-adjusted rates are point estimates. The standard error (SE) for an age-adjusted rate defines the variability in this point estimate. 95% Confidence Interval (CI) based on a formula for estimating the (SE) is provided to illustrate how precise an estimate is; the wider the CI range, the less precise the estimate
and the more the estimate could vary. Age-adjusted rates for two different populations are significantly different when 95% confidence intervals for their age-adjusted rates do not overlap. CI should be framed in the following statement: We are 95 percent confident that the age-adjusted rate for the given
population is between Lower_CI and Upper_C"
Chronic Disease,Heart Disease ,"Age-adjusted rate of heart disease deaths per 100,000 population",NC State Center for Health Statistics,https://schs.dph.ncdhhs.gov/data/databook/,,158.0,157.7,145.7,149.1,226.1,161.3,171.4,179.5,171.2,240.9,153.9,141.0,179.7,157.5,192.6,201.7,158.9,159.6,166.4,107.0,201.1,184.3,145.4,206.7,287.5,168.0,185.9,209.2,151.1,171.0,143.6,163.9,128.6,204.4,146.2,166.3,184.3,154.2,178.2,153.1,176.6,135.9,176.3,193.0,181.2,137.6,159.6,181.9,202.1,152.4,147.0,178.5,204.5,168.1,207.9,173.8,143.0,167.2,211.6,171.7,128.3,180.4,166.9,134.1,187.2,138.9,161.5,176.6,111.9,154.1,255.0,156.7,194.5,167.7,162.7,142.9,190.0,241.4,215.6,184.9,177.4,196.6,183.5,196.9,217.4,166.4,167.8,195.5,115.2,170.1,143.9,189.2,120.8,194.6,183.5,118.1,183.3,163.2,169.0,170.8,166.6,2014-2018,Technical Note: Rates based on fewer than 20 cases (indicated by 'N/A') are unstable and have been suppressed
Community Well-Being,Poverty,% of individuals living in poverty (100% Federal Poverty Level),US Census - Small Area Income and Poverty Estimates,https://www.census.gov/quickfacts/fact/table/NC/PST045219,,13.60%,14.6%,11.7%,16.9%,21.4%,14.6%,16.4%,17.6%,24.2%,21.2%,10.2%,12.2%,18.4%,7.9%,12.0%,7.6%,10.4%,16.2%,13.3%,8.7%,17.7%,18.5%,14.0%,19.0%,22.3%,13.8%,18.0%,8.8%,8.9%,15.2%,10.9%,17.7%,14.0%,21.0%,15.2%,11.6%,11.6%,14.7%,16.8%,14.6%,20.2%,16.0%,23.8%,15.6%,10.6%,10.6%,23.0%,16.9%,19.2%,8.2%,19.3%,12.5%,18.8%,14.2%,23.1%,9.0%,14.3%,14.6%,20.6%,13.6%,10.3%,14.8%,16.1%,11.3%,16.4%,13.0%,21.6%,12.5%,13.4%,15.9%,14.3%,11.5%,15.0%,15.4%,19.2%,12.1%,14.1%,25.8%,31.5%,18.4%,13.9%,18.5%,16.8%,28.5%,10.7%,13.0%,16.0%,16.1%,13.1%,25.4%,7.3%,18.5%,8.0%,21.7%,21.3%,21.4%,18.6%,15.2%,21.5%,13.9%,14.2%,2019,
,Housing Cost Burden,% of households spending 30% or more of household income on housing costs,U.S. Census - American Community Survey,https://factfinder.census.gov/faces/tableservices/jsf/pages/productview.xhtml?pid=ACS_15_5YR_DP04&src=pt,,25.6%,26.2%,17.6%,24.6%,20.2%,15.1%,21.6%,24.1%,23.8%,20.5%,26.4%,26.6%,19.6%,22.4%,20.7%,25.4%,24.7%,26.0%,19.6%,19.1%,19.3%,28.4%,20.4%,22.7%,21.2%,28.5%,32.0%,23.9%,32.7%,23.0%,16.4%,24.0%,28.8%,28.8%,27.0%,25.5%,26.0%,19.7%,9.1%,25.3%,23.9%,29.2%,29.0%,24.0%,23.1%,24.5%,25.9%,26.8%,16.5%,21.8%,21.0%,24.5%,23.7%,24.8%,27.3%,20.6%,20.7%,20.4%,24.0%,14.4%,29.0%,20.2%,18.4%,23.1%,26.9%,33.8%,26.6%,31.6%,27.2%,18.8%,30.4%,24.3%,27.5%,26.3%,32.3%,20.5%,20.9%,26.2%,19.6%,22.3%,19.3%,20.1%,23.5%,27.5%,23.3%,19.6%,17.7%,17.1%,20.7%,20.4%,23.2%,28.6%,25.2%,20.4%,22.6%,31.4%,25.5%,20.7%,29.8%,20.3%,18.5%,2013-2017,"Includes both owner-occupied and renter-occupied households with housing costs at 30% or more of household income. Excludes households with zero or negative income, and households with no cash rent. "
,Unemployment,Unemployment rate (%),U.S. Department of Labor,https://www.bls.gov/lau/#tables,,3.90%,3.80%,3.30%,4.80%,4.20%,3.70%,3.70%,4.60%,4.80%,5%,5.20%,3.00%,3.70%,3.60%,4.10%,3.90%,4.20%,4.50%,3.60%,3.40%,4.50%,4.70%,5%,4.00%,4.90%,4.10%,5.10%,3.60%,5%,3.70%,3%,4.10%,3.40%,5.90%,3.70%,4.00%,3.90%,4.10%,5.40%,3.40%,3.80%,4.10%,5.70%,4.60%,3.40%,3.30%,5.20%,4.90%,8.60%,3.60%,4.10%,3.60%,3.90%,4.50%,3.80%,4%,3.90%,3.60%,5.10%,3.80%,3.60%,4.60%,4.00%,3.80%,4.80%,3.60%,5.20%,4.60%,3.30%,3.80%,4.60%,3.90%,5.00%,4.20%,4.20%,3.80%,3.80%,5.30%,5.40%,4.40%,4.00%,4.90%,3.90%,6.60%,3.70%,3.60%,3.70%,4.00%,3.70%,5.90%,4%,5.80%,3.30%,5.70%,5.90%,3.50%,4.10%,4.10%,5.80%,3%,3.80%,2019,"Annual rate of unemployment, not seasonally adjusted"
,High-Quality Child Care,% of kids in 4 or 5 star child care,NC Division of Child Development and Early Education,Special data request from NC Division of Child Development and Early Education,,73%,67.0%,45.0%,85.0%,81.0%,100.0%,100.0%,90.0%,92.0%,71.0%,82.0%,73.0%,62.0%,73.0%,88.0%,88.0%,55.0%,66.0%,70.0%,72.0%,55.0%,45.0%,39.0%,81.0%,79.0%,95.0%,63.0%,51.0%,66.0%,77.0%,97.0%,77.0%,86.0%,85.0%,75.0%,69.0%,72.0%,69.0%,100.0%,68.0%,58.0%,73.0%,68.0%,70.0%,60.0%,82.0%,69.0%,53.0%,94.0%,74.0%,61.0%,64.0%,83.0%,56.0%,71.0%,81.0%,68.0%,79.0%,32.0%,79.0%,78.0%,36.0%,64.0%,34.0%,72.0%,69.0%,57.0%,72.0%,87.0%,74.0%,64.0%,77.0%,100.0%,77.0%,60.0%,100.0%,74.0%,58.0%,64.0%,47.0%,84.0%,81.0%,56.0%,67.0%,85.0%,63.0%,33.0%,81.0%,100.0%,52.0%,74.0%,79.0%,77.0%,80.0%,40.0%,92.0%,65.0%,74.0%,70.0%,75.0%,63.0%,2020,"County-level enrollment in 4 or 5-star centers, December 2020"
,Food Insecurity,% of population that is food insecure,Feeding America,https://www.feedingamerica.org/sites/default/files/research/map-the-meal-gap/2016/overall/NC_AllCounties_CDs_MMG_2016.pdf?s_src=WXXX1MTMG&s_subsrc=https%3A//www.feedingamerica.org/research/map-the-meal-gap/data-by-county-in-each-state.html%3Freferrer%3Dhttp%3A//map.feedingamerica.org/,,14.00%,14.0%,14.0%,18.0%,16.6%,14.4%,14.5%,16.2%,18.4%,19.1%,13.7%,12.4%,15.5%,11.1%,14.9%,11.7%,13.8%,15.9%,12.8%,11.9%,15.3%,15.9%,14.9%,16.2%,18.1%,15.0%,16.9%,11.4%,11.8%,14.1%,12.6%,17.1%,13.5%,19.6%,13.8%,13.7%,14.4%,14.2%,16.5%,13.4%,18.5%,13.9%,19.9%,14.5%,13.6%,11.8%,18.9%,16.7%,18.1%,12.1%,14.4%,12.6%,19.5%,14.2%,18.9%,12.9%,14.5%,14.7%,16.7%,15.5%,12.0%,14.5%,14.5%,12.8%,15.4%,14.1%,18.5%,15.2%,10.8%,15.1%,15.3%,13.6%,14.6%,15.5%,16.1%,12.6%,13.8%,18.4%,19.4%,15.2%,14.3%,16.4%,16.9%,20.9%,13.4%,13.0%,15.0%,15.5%,13.6%,20.3%,9.5%,19.0%,10.4%,17.6%,19.5%,13.8%,16.6%,15.8%,17.8%,13.4%,15.4%,2018,"Map the Meal Gap's food insecurity rates are determined using data from the 2009-2018 Current Population Survey on individuals in food insecure households; data from the 2014-2018 American Community Survey (5-year estimates); and 2018 data from the Bureau of Labor Statistics on unemployment rates. 
Numbers reflect percentage of food insecure individuals living in households with incomes within the income bands indicated. Eligibility for federal nutrition programs is 
determined in part by these income thresholds which can vary by state.
Population and food insecurity data in the state totals row do not reflect the sum of all counties in that state. The state totals are aggregated from the congressional 
districts data in that state. All data in the state totals row pertaining to the cost of food or the ""Meal Gap"" reflect state-level data and are not aggregations of either 
counties or congressional districts."
,Low Access to a Grocery Store,% of population with low access to a grocery store ,USDA Economic Research Service,https://www.ers.usda.gov/data-products/food-environment-atlas/go-to-the-atlas/,,N/A,22.9%,6.5%,3.9%,6.6%,5.3%,0.7%,10.4%,5.5%,6.5%,15.6%,21.6%,29.6%,23.0%,36.0%,4.4%,25.2%,7.8%,21.5%,4.9%,7.5%,23.1%,3.2%,16.7%,4.4%,28.0%,30.2%,13.1%,30.6%,16.6%,10.9%,1.9%,25.9%,13.0%,36.6%,4.5%,28.3%,0.0%,2.8%,16.3%,N/A,20.2%,16.5%,8.8%,21.6%,21.7%,10.1%,21.1%,90.0%,15.3%,18.0%,5.2%,0.0%,14.8%,12.8%,14.3%,6.5%,12.2%,3.7%,4.3%,18.3%,N/A,1.7%,20.3%,14.4%,30.2%,11.7%,30.4%,19.1%,5.5%,24.1%,6.7%,3.4%,10.3%,9.2%,0.4%,19.3%,13.1%,9.4%,20.9%,24.7%,21.5%,4.3%,16.2%,5.6%,17.5%,7.8%,1.5%,7.2%,11.1%,15.7%,9.9%,18.9%,7.3%,26.8%,6.7%,18.3%,11.2%,3.7%,1.9%,1.1%,2015,"Low-access is defined as living more than 1 mile from a supermarket or large grocery store if in an urban area, or more than 10 miles from a supermarket or large grocery store if in a rural area."
,Transportation,% of households without access to a vehicle,US Census - American Community Survey,https://factfinder.census.gov/faces/tableservices/jsf/pages/productview.xhtml?pid=ACS_17_5YR_B08201&prodType=table,,6.5%,5.5%,3.9%,4.3%,10.3%,6.0%,4.8%,8.0%,8.6%,8.9%,4.0%,5.2%,5.8%,4.5%,4.6%,2.2%,4.8%,10,5.0%,4.7%,5.3%,9.4%,5.7%,6.9%,7.5%,7.0%,6.5%,3.8%,3.6%,5.7%,3.9%,7.6%,8.2%,11.6%,7.7%,6.0%,6.2%,4.7%,6.2%,5.2%,7.7%,6.6%,12.6%,5.4%,4.8%,4.8%,8.8%,5.2%,3.2%,3.7%,4.7%,4.4%,6.6%,6.2%,11.5%,3.0%,5.9%,3.8%,6.4%,5.8%,6.2%,6.0%,8.8%,4.6%,8.2%,6.3%,11.1%,5.0%,4.8%,6.0%,10.9%,5.0%,8.4%,8.8%,7.8%,6.1%,5.5%,9.5%,10.3%,7.5%,6.2%,6.5%,8.0%,11.7%,5.8%,4.1%,6.9%,4.3%,4.4%,8.5%,2.3%,12.7%,4.1%,8.7%,12.0%,5.6%,7.8%,6.2%,8.7%,6.2%,6.4%,2017,
,Violent Crime ,"Violent crime rate per 100,000 population",State Bureau of Investigation,http://crimereporting.ncsbi.gov/Reports.aspx,,407.7,418.4,240.2,197.4,578.5,217.3,134.2,-,266.6,249.7,-,343.6,232.3,131.6,194.4,105.3,191.3,114.0,196.8,212.8,302.1,416.3,-,106.7,-,310.9,786.6,232.5,156.8,163.5,-,147.0,703.6,931.4,765.7,157.4,414.5,-,134.7,318.6,309.2,651.8,-,-,342.7,-,406.5,-,-,266.9,249.0,187.4,-,166.1,-,217.1,171.7,72.0,-,151.8,688.1,13.6,293.3,174.1,-,436.1,-,269.3,152.4,184.9,389.1,-,-,293.5,366.0,57.5,-,558.4,767.6,311.7,345.6,-,437.5,607.5,327.6,-,-,369.6,156.6,93.9,281.9,756.1,250.0,231.7,-,111.3,414.2,232.0,339.3,226.2,48.8,2019,"The crime rate is defined as the number of offenses per 100,000 population. The population figures used to calculate population coverage and crime rates are based on population data from the NC Office of State Budget, Planning, and Management. Violent crime includes the offenses of murder, rape, robbery, and aggravated assault. Data is partially reported (not full 12 months of reported data) for over 50% of the county population for 2019 for Caswell County. Data is for full 12 month period for over 50 percent of the county population for 2019 for Beaufort, Brusnwick, Clay, Columbus, Davie, Gates, Halifax, Harnett, Henderson, Hoke, Hyde, Jones, Lenoir, Martin, Nash, Northampton, Pender, Perquimans, Randolph, Rutherford, Stokes, Surry, and Washington Counties. Crimes reported in Rocky Mount have been separated into county of occurrence for Edgecombe and Nash Counties."
,Life expectancy,Life expectancy (years) at birth - avg.,NC State Center for Health Statistics,https://schs.dph.ncdhhs.gov/data/databook/CD8A%20State%20and%20County%20Life%20Expectancies%20at%20birth.html,,78.1,77.3,77.1,77.8,74.2,79.3,77.5,76.2,76.8,75.5,78.9,78.7,76.8,78.5,76,80.4,77.8,75.6,77,81.2,76,75.1,76.5,74.6,74.5,76.6,76.3,78.4,79,76.4,78.9,79.6,80.2,73.2,77.9,77.5,75.6,74.6,77,78,77.3,78,74.5,76.8,77.1,79.4,76.9,76,75.5,77.9,78.6,78.1,75.9,76.5,74.7,77.6,77.9,77.2,75.2,76.9,80.6,75.7,76.4,79.5,75.2,79.4,77.6,76.7,82.2,76.1,76,77.3,78.9,76,78.4,79.6,75.6,74,72.8,75.4,75.4,76.2,76.3,74.6,75.5,76.9,75,71.3,80.8,79.4,80,73.8,81.8,77.8,75.5,81.3,75.7,76.7,75.6,76.5,78.8,2017-2019,Life expectancy is the average number of additional years that someone at a given age would be expected to live if current mortality conditions remained constant throughout their lifetime.
,Racial Disparity in Life Expectancy ,Life expectancy (years) at birth - black,NC State Center for Health Statistics,http://www.schs.state.nc.us/data/lifexpectancy/,,75.5,74.7,74.9,N/A,73.7,N/A,-,74.1,76.2,72.9,76.5,74.9,75.3,76.9,74.1,82.2,77.1,75.7,73.9,76.6,-,73.1,-,72.7,73.6,73.5,75.8,73,-,75.9,75.2,77.2,77,73,74.9,75.7,74.6,73.5,-,77,75.6,75.7,73.7,74.8,77.7,77.2,77.1,74.9,73.4,74.5,-,77.4,75.9,71.3,73.9,75.1,-,-,74,78.2,77.2,-,73,75.9,75.2,75.3,76,76.5,76.4,72.6,75.4,73.8,77.3,72.8,75.2,75.7,72,72.6,71.4,73.8,73.6,73.5,76.4,72.9,75.5,77.1,76.5,-,78.7,83.7,77.8,72,78.2,77.1,73.8,-,74.3,72.4,73.8,74.6,-,2017-2019,Life expectancy is the average number of additional years that someone at a given age would be expected to live if current mortality conditions remained constant throughout their lifetime.
,Racial Disparity in Life Expectancy ,Life expectancy (years) at birth - white,NC State Center for Health Statistics,http://www.schs.state.nc.us/data/lifexpectancy/,,78.4,78.2,77.5,78.4,75.3,79.4,77.4,77.2,77.7,77.1,79.2,79,76.9,78.9,76.2,80.2,77.7,75.8,77.6,82.3,76,76.3,76.5,75.1,75.1,77.4,76.9,78.8,78.9,76.6,79.1,81,82.6,74.6,79.3,78.5,75.8,74.7,77.6,78.7,78.4,79.3,75.3,77.6,77.1,79.6,76.6,77.9,76.4,78.5,80.1,78.7,76,78.5,75.6,77.9,77.9,77.2,76.1,76.9,82.6,75.6,77.6,80.2,75.6,80.2,80.4,76.9,83.1,76.5,76.1,77.9,79.2,77.4,80.6,80,75.9,74.7,74.5,76,75.7,76.6,76.5,76.5,75.6,76.9,74.9,73.8,80.7,76.9,80.6,75.5,82.8,79.7,77.8,81.3,76.9,76.9,77.8,76.8,78.8,2017-2019,Life expectancy is the average number of additional years that someone at a given age would be expected to live if current mortality conditions remained constant throughout their lifetime.
,Air Pollution,Average daily density of fine particulate matter in micrograms per cubic meter,County Health Rankings,http://www.countyhealthrankings.org/app/north-carolina/2017/measure/factors/125/data,,9.8,10.5,10.1,8.7,10.2,8.5,8.5,9.2,9.1,10,9.3,9,10.1,11,9.9,8.4,8.7,10.2,10.5,10.3,9,8.6,8.5,10.6,9.7,9.4,10.6,8.5,8.2,10.8,10.4,9.9,10.6,10.2,9.4,10.6,10.9,8.8,8.4,10.5,10.4,10.5,9.8,10.9,8.7,9.2,9.1,10.4,7.8,10.9,8.4,10.4,9.5,10.5,10.3,10.8,8.6,8.8,8.9,9.2,11.3,8.5,9.7,10.4,10.5,8.4,9.6,9.5,10.7,8.6,8.5,9.4,8.5,10.1,9.8,9.5,10.9,10.2,10.1,10.3,10.6,10.1,10.7,10.2,10.5,9.8,9.6,8.4,8.7,7.9,10.9,10,11,9.7,8.6,8.3,10.7,9.6,10.7,9.9,8.6,2014,"County-level estimates are modeled from EPA air monitors and seasonal averages. EPA monitors are limited by their locations, measuring only up to a certain distance in any direction, and their sampling structure, from one sample every day to once per week."
,,,,,,,,,,,,,,,,,,,,,,,,,,,,,,,,,,,,,,,,,,,,,,,,,,,,,,,,,,,,,,,,,,,,,,,,,,,,,,,,,,,,,,,,,,,,,,,,,,,,,,,,,,,,
,,,,,,,,,,,,,,,,,,,,,,,,,,,,,,,,,,,,,,,,,,,,,,,,,,,,,,,,,,,,,,,,,,,,,,,,,,,,,,,,,,,,,,,,,,,,,,,,,,,,,,,,,,,,
Key,,,,,,,,,,,,,,,,,,,,,,,,,,,,,,,,,,,,,,,,,,,,,,,,,,,,,,,,,,,,,,,,,,,,,,,,,,,,,,,,,,,,,,,,,,,,,,,,,,,,,,,,,,,,
N/A = Not Available,,,,,,,,,,,,,,,,,,,,,,,,,,,,,,,,,,,,,,,,,,,,,,,,,,,,,,,,,,,,,,,,,,,,,,,,,,,,,,,,,,,,,,,,,,,,,,,,,,,,,,,,,,,,
- = Data suppressed,,,,,,,,,,,,,,,,,,,,,,,,,,,,,,,,,,,,,,,,,,,,,,,,,,,,,,,,,,,,,,,,,,,,,,,,,,,,,,,,,,,,,,,,,,,,,,,,,,,,,,,,,,,,
,,,,,,,,,,,,,,,,,,,,,,,,,,,,,,,,,,,,,,,,,,,,,,,,,,,,,,,,,,,,,,,,,,,,,,,,,,,,,,,,,,,,,,,,,,,,,,,,,,,,,,,,,,,,
,,,,,,,,,,,,,,,,,,,,,,,,,,,,,,,,,,,,,,,,,,,,,,,,,,,,,,,,,,,,,,,,,,,,,,,,,,,,,,,,,,,,,,,,,,,,,,,,,,,,,,,,,,,,
